회사,산업,발행일,만기일,금액(원)
테크코퍼레이션,기술,2020-01-15,2025-01-15,5000000000
헬스인크,헬스케어,2019-06-30,2024-06-30,3000000000
에너지컴퍼니,에너지,2018-09-20,2023-09-20,4000000000
파이낸스리미티드,금융,2021-03-10,2026-03-10,3500000000
바이오텍,바이오테크,2022-07-05,2027-07-05,2500000000
그린에너지,신재생에너지,2020-11-25,2025-11-25,4500000000
테크노솔루션즈,정보기술,2019-02-18,2024-02-18,3800000000
헬스케어엠텍,헬스케어,2021-08-12,2026-08-12,2200000000
에코시스템,환경,2020-05-30,2025-05-30,3700000000
파이낸스엠파이어,금융,2018-12-01,2023-12-01,4200000000
바이오퓨처,바이오테크,2022-03-22,2027-03-22,2800000000
그린테크,신재생에너지,2019-09-15,2024-09-15,3600000000
테크노하모니,정보기술,2021-01-10,2026-01-10,3300000000
헬스케어퓨전,헬스케어,2020-04-25,2025-04-25,2900000000
에코인사이트,환경,2018-07-19,2023-07-19,4100000000